<?xml version="1.0" encoding="UTF-8"?>
<!--
To change this license header, choose License Headers in Project Properties.
To change this template file, choose Tools | Templates
and open the template in the editor.
-->
<beans xmlns="http://www.springframework.org/schema/beans"
       xmlns:xsi="http://www.w3.org/2001/XMLSchema-instance"
       xmlns:context="http://www.springframework.org/schema/context"
       xmlns:tx="http://www.springframework.org/schema/tx"
       xmlns:jpa="http://www.springframework.org/schema/data/jpa"
       xsi:schemaLocation="
      http://www.springframework.org/schema/beans 
      http://www.springframework.org/schema/beans/spring-beans-3.2.xsd
      http://www.springframework.org/schema/context http://www.springframework.org/schema/context/spring-context-4.0.xsd
      http://www.springframework.org/schema/tx http://www.springframework.org/schema/tx/spring-tx.xsd
      http://www.springframework.org/schema/data/jpa http://www.springframework.org/schema/data/jpa/spring-jpa.xsd">
 
    <jpa:repositories base-package="com.inventorymgmt.repository" />   <!--scans the query class and registers for future use-->
 
    <bean id="entityManager" class="org.springframework.orm.jpa.LocalContainerEntityManagerFactoryBean">
        <property name="dataSource" ref="dataSource" />
        <property name="packagesToScan" value="com.inventorymgmt.entities" /><!--scans model/entity/domain(name 3 but same) and registers-->
        <property name="jpaVendorAdapter">
            <bean class="org.springframework.orm.jpa.vendor.HibernateJpaVendorAdapter" />
        </property>
        
        <property name="jpaProperties">
            <props>
                <prop key="hibernate.hbm2ddl.auto">none</prop>
                <prop key="hibernate.dialect">org.hibernate.dialect.MySQL5Dialect</prop>                
                <prop key="hibernate.show_sql">true</prop>                
            </props>
        </property>
    </bean>
       
    <bean id="dataSource"
          class="org.springframework.jdbc.datasource.DriverManagerDataSource">
        <property name="driverClassName" value="com.mysql.jdbc.Driver" />
        <property name="url" value="jdbc:mysql://localhost:3306/inventoryMgmt"/>
        <property name="username" value="root" />
        <property name="password" value="1234" />
    </bean>
    
    <bean id="transactionManager" class="org.springframework.orm.jpa.JpaTransactionManager">
        <property name="entityManagerFactory" ref="entityManager" />
    </bean>
    
  
    <!--<tx:annotation-driven transaction-manager="transactionManager"/>-->
 
    <bean id="persistenceExceptionTranslationPostProcessor"
          class="org.springframework.dao.annotation.PersistenceExceptionTranslationPostProcessor"/><!--
    
    <bean id="multipartResolver"
             class="org.springframework.web.multipart.commons.CommonsMultipartResolver"/>-->
</beans>