<?xml version="1.0" encoding="UTF-8"?>
<beans xmlns="http://www.springframework.org/schema/beans"       
       xmlns:xsi="http://www.w3.org/2001/XMLSchema-instance"
       xmlns:context="http://www.springframework.org/schema/context"
       xmlns:tx="http://www.springframework.org/schema/tx"
       xmlns:mvc="http://www.springframework.org/schema/mvc"
       xmlns:security="http://www.springframework.org/schema/security"
       
       xsi:schemaLocation="http://www.springframework.org/schema/beans 
                http://www.springframework.org/schema/beans/spring-beans-4.0.xsd
                http://www.springframework.org/schema/security
                http://www.springframework.org/schema/security/spring-security-3.2.xsd
		http://www.springframework.org/schema/context 
                http://www.springframework.org/schema/context/spring-context-4.0.xsd
		http://www.springframework.org/schema/mvc 
                http://www.springframework.org/schema/mvc/spring-mvc-4.0.xsd">

    
    <security:global-method-security pre-post-annotations="enabled"/>
    
    <mvc:annotation-driven />
    
    <context:component-scan base-package="com.inventorymgmt"/>
    
    <mvc:interceptors>
        <mvc:interceptor>
            <mvc:mapping path="/**/*" />
            <bean id ="webContentInterceptor" class="org.springframework.web.servlet.mvc.WebContentInterceptor">
                <property name="cacheSeconds" value="0" />
                <property name="useExpiresHeader" value="true" />
                <property name="useCacheControlHeader" value="true" />
                <property name="useCacheControlNoStore" value="true" />
            </bean>
        </mvc:interceptor>
    </mvc:interceptors>
    
    <bean class="org.springframework.web.servlet.view.InternalResourceViewResolver">
        <property name="prefix" value="/WEB-INF/views/" />
        <property name="suffix" value=".jsp" />
    </bean>
    
    <mvc:resources mapping="/resources/**" 
                   location="/resources/"/>
    
    <mvc:resources mapping="/css/**" 
                   location="/resources/css/"/>
    
</beans>
