<beans xmlns="http://www.springframework.org/schema/beans"
       xmlns:xsi="http://www.w3.org/2001/XMLSchema-instance"
       xmlns:context="http://www.springframework.org/schema/context"
       xmlns:mvc="http://www.springframework.org/schema/mvc"
       xmlns:security="http://www.springframework.org/schema/security"
       xsi:schemaLocation="http://www.springframework.org/schema/mvc 
                http://www.springframework.org/schema/mvc/spring-mvc-3.2.xsd
		http://www.springframework.org/schema/security 
                http://www.springframework.org/schema/security/spring-security-3.2.xsd
		http://www.springframework.org/schema/beans 
                http://www.springframework.org/schema/beans/spring-beans.xsd
		http://www.springframework.org/schema/context 
                http://www.springframework.org/schema/context/spring-context-3.2.xsd">

   
    <!-- enable Method level [vs URL level] authorization  This work for APPLICATION Level scanned components
    Does NOT recognize WEB level components - for THAT  need to place enable line in Dispatcher-servlet-->
    <security:global-method-security pre-post-annotations="enabled"/>	

    <security:http use-expressions="true" auto-config="true">

        <security:intercept-url pattern="/*" access="permitAll"/>
        <security:intercept-url pattern="/catagory/*" access="hasAnyRole('Admin')"/>
        <security:intercept-url pattern="/product/*" access="hasAnyRole('Admin')"/>
        
        <security:form-login   login-page="/login" 
                               default-target-url="/welcome"    
                               always-use-default-target="true"  
                               authentication-failure-url="/loginFailed"/>
        
        <security:access-denied-handler error-page="/403"/>
        
        <security:logout logout-success-url="/login" 
                         logout-url="/logout" 
                         invalidate-session="true" 
                         delete-cookies="true"/>

    </security:http>
	
    <security:authentication-manager>
        <security:authentication-provider>
            <security:jdbc-user-service
                data-source-ref="dataSource"
                users-by-username-query="SELECT USERNAME, PASSWORD, IS_ENABLED FROM USER WHERE userName = ?"
                authorities-by-username-query="SELECT u1.USERNAME, u2.USER_ROLE FROM USER u1, AUTHORITIES u2 WHERE u1.USER_ID = u2.USER_ID AND u1.USERNAME = ?"/>
                
        </security:authentication-provider>
    </security:authentication-manager>
 
</beans>